mean,std,max,min,phasic_mean,phasic_std,tonic_mean,tonic_std,scr_count,scr_rate,scr_mean_amplitude,scr_std_amplitude
10.927391988207638,1.3876942778212447,14.846125706917988,8.838431023898194,0.001291350582353645,0.2037198140827,10.927708269245784,1.3582015911009382,2,0.8747630849978131,-1.6376441479717698,0.0
