,HRV_MeanNN,HRV_SDNN,HRV_SDANN1,HRV_SDNNI1,HRV_SDANN2,HRV_SDNNI2,HRV_SDANN5,HRV_SDNNI5,HRV_RMSSD,HRV_SDSD,HRV_CVNN,HRV_CVSD,HRV_MedianNN,HRV_MadNN,HRV_MCVNN,HRV_IQRNN,HRV_SDRMSSD,HRV_Prc20NN,HRV_Prc80NN,HRV_pNN50,HRV_pNN20,HRV_MinNN,HRV_MaxNN,HRV_HTI,HRV_TINN,HRV_ULF,HRV_VLF,HRV_LF,HRV_HF,HRV_VHF,HRV_TP,HRV_LFHF,HRV_LFn,HRV_HFn,HRV_LnHF,HRV_SD1,HRV_SD2,HRV_SD1SD2,HRV_S,HRV_CSI,HRV_CVI,HRV_CSI_Modified,HRV_PIP,HRV_IALS,HRV_PSS,HRV_PAS,HRV_GI,HRV_SI,HRV_AI,HRV_PI,HRV_C1d,HRV_C1a,HRV_SD1d,HRV_SD1a,HRV_C2d,HRV_C2a,HRV_SD2d,HRV_SD2a,HRV_Cd,HRV_Ca,HRV_SDNNd,HRV_SDNNa,HRV_DFA_alpha1,HRV_MFDFA_alpha1_Width,HRV_MFDFA_alpha1_Peak,HRV_MFDFA_alpha1_Mean,HRV_MFDFA_alpha1_Max,HRV_MFDFA_alpha1_Delta,HRV_MFDFA_alpha1_Asymmetry,HRV_MFDFA_alpha1_Fluctuation,HRV_MFDFA_alpha1_Increment,HRV_ApEn,HRV_SampEn,HRV_ShanEn,HRV_FuzzyEn,HRV_MSEn,HRV_CMSEn,HRV_RCMSEn,HRV_CD,HRV_HFD,HRV_KFD,HRV_LZC
0,325.7,21.356867501431108,,,,,,,28.99909254478582,29.715119116260787,0.06557220602220175,0.08903620676937618,318.5,13.343399999999999,0.04189450549450549,23.5,0.7364667521388071,309.8,342.40000000000003,10.0,45.0,302.0,370.0,2.857142857142857,0.0,,,,,,0.0,,,,,21.01176223087401,20.967323505177294,1.0021194276744831,1384.0613667092437,0.997885054798906,3.848125456319781,83.69191505980093,0.5,0.5789473684210527,0.7272727272727273,0.5,54.830917874396135,54.66424128201957,54.99701748974785,36.84210526315789,0.5484416072099136,0.45155839279008625,15.601816133600174,14.156859350387947,0.7581139752869299,0.24188602471307014,18.2561942164825,10.312130124316269,0.6527788422947859,0.3472211577052144,16.98094953082123,12.384601212140376,0.8343649382600532,2.207863819916916,1.2624364510160682,1.5958808912700884,-0.9435832060039324,-1.1679747687002178,-0.3489741816292963,0.002245593874703629,0.3642728810373923,0.20490203817102648,0.8109302162163287,3.8841837197791893,1.5732186241173813,,,,1.3616059488264287,2.005861017888647,3.830310976651609,1.296578428466209
